{
  "sentinel1": {
    "vh": {
      "mean": -18.8556,
      "std": 5.7303
    },
    "vv": {
      "mean": -11.7287,
      "std": 4.8871
    }
  },
  "sentinel2": {
    "B01": {
      "mean": 1356.781697,
      "std": 246.33561916377468
    },
    "B02": {
      "mean": 1395.3409,
      "std": 917.7041
    },
    "B03": {
      "mean": 1338.4027,
      "std": 913.2988
    },
    "B04": {
      "mean": 1343.0988,
      "std": 1092.6787
    },
    "B05": {
      "mean": 1543.8608,
      "std": 1047.2206
    },
    "B06": {
      "mean": 2186.2022,
      "std": 1048.0102
    },
    "B07": {
      "mean": 2525.0933,
      "std": 1143.6903
    },
    "B08": {
      "mean": 2410.3377,
      "std": 1098.9792
    },
    "B09": {
      "mean": 12.334183,
      "std": 5.0792565127694616
    },
    "B10": {
      "mean": 1861.292046,
      "std": 963.0321641072711
    },
    "B11": {
      "mean": 2234.9111,
      "std": 1145.9774
    },
    "B12": {
      "mean": 1474.5311,
      "std": 980.243
    },
    "B8A": {
      "mean": 2750.2855,
      "std": 1204.4728
    }
  },
  "sentinel2_l2a": {
    "B01": {
      "mean": 1356.781697,
      "std": 246.33561916377468
    },
    "B02": {
      "mean": 1395.3409,
      "std": 917.7041
    },
    "B03": {
      "mean": 1338.4027,
      "std": 913.2988
    },
    "B04": {
      "mean": 1343.0988,
      "std": 1092.6787
    },
    "B05": {
      "mean": 1543.8608,
      "std": 1047.2206
    },
    "B06": {
      "mean": 2186.2022,
      "std": 1048.0102
    },
    "B07": {
      "mean": 2525.0933,
      "std": 1143.6903
    },
    "B08": {
      "mean": 2410.3377,
      "std": 1098.9792
    },
    "B09": {
      "mean": 12.334183,
      "std": 5.0792565127694616
    },
    "B10": {
      "mean": 1861.292046,
      "std": 963.0321641072711
    },
    "B11": {
      "mean": 2234.9111,
      "std": 1145.9774
    },
    "B12": {
      "mean": 1474.5311,
      "std": 980.243
    },
    "B8A": {
      "mean": 2750.2855,
      "std": 1204.4728
    }
  }
}
