{
  "landsat": {
    "B1": {
      "count": 77512464128,
      "mean": 11000.959519415692,
      "std": 7857.9205791510285,
      "var": 4.786155598151494e+18
    },
    "B10": {
      "count": 77512464128,
      "mean": 21347.89356940543,
      "std": 10957.2815012006,
      "var": 9.306302855341847e+18
    },
    "B11": {
      "count": 77512464128,
      "mean": 19686.23205859348,
      "std": 9911.421224126807,
      "var": 7.614535407312552e+18
    },
    "B2": {
      "count": 77512464128,
      "mean": 10493.416292898208,
      "std": 7872.392135393957,
      "var": 4.803800698662304e+18
    },
    "B3": {
      "count": 77512464128,
      "mean": 10146.318478942761,
      "std": 7676.2774595217115,
      "var": 4.567440213435377e+18
    },
    "B4": {
      "count": 77512464128,
      "mean": 10236.446029167704,
      "std": 8038.218121686258,
      "var": 5.0083090134013e+18
    },
    "B5": {
      "count": 77512464128,
      "mean": 14427.021492873682,
      "std": 9302.431605916356,
      "var": 6.707559204393623e+18
    },
    "B6": {
      "count": 77512464128,
      "mean": 12164.08145353199,
      "std": 7442.390533225441,
      "var": 4.2933515835909453e+18
    },
    "B7": {
      "count": 77512464128,
      "mean": 9712.032951062303,
      "std": 6037.712185433222,
      "var": 2.8256369205736535e+18
    },
    "B8": {
      "count": 77512464128,
      "mean": 10132.090998288624,
      "std": 7788.7282476413675,
      "var": 4.702238425406625e+18
    },
    "B9": {
      "count": 77512464128,
      "mean": 4585.469566989013,
      "std": 2549.745355740949,
      "var": 5.039241386881399e+17
    }
  },
  "naip": {
    "B": {
      "count": 78577664,
      "mean": 94.091226598439,
      "std": 35.850839436913006,
      "var": 100994511228.71494
    },
    "G": {
      "count": 78577664,
      "mean": 109.30740000109955,
      "std": 41.201837847619906,
      "var": 133392769940.44594
    },
    "IR": {
      "count": 78577664,
      "mean": 128.47451396620818,
      "std": 55.60295757894139,
      "var": 242937690910.82758
    },
    "R": {
      "count": 78577664,
      "mean": 102.38483102526445,
      "std": 47.60173736860241,
      "var": 178051124770.29294
    }
  },
  "sampled_n": 103896,
  "sentinel1": {
    "vh": {
      "count": 77754283008,
      "mean": -17.745436133270044,
      "std": 10.216274681392647,
      "var": 8115390892690.797
    },
    "vv": {
      "count": 77754283008,
      "mean": -11.648990747328444,
      "std": 10.840350299936597,
      "var": 9137154192072.52
    }
  },
  "sentinel2_l2a": {
    "B01": {
      "count": 80759239680,
      "mean": 1115.8494388252218,
      "std": 1955.6991794280914,
      "var": 3.088846514453966e+17
    },
    "B02": {
      "count": 80759239680,
      "mean": 1188.9412572078477,
      "std": 1859.1923971769581,
      "var": 2.791520946992842e+17
    },
    "B03": {
      "count": 80759239680,
      "mean": 1407.7739105458452,
      "std": 1727.7387413631088,
      "var": 2.410728847360413e+17
    },
    "B04": {
      "count": 80759239680,
      "mean": 1513.0573882432757,
      "std": 1740.7757298757895,
      "var": 2.4472473544787395e+17
    },
    "B05": {
      "count": 80759239680,
      "mean": 1890.9893042634167,
      "std": 1754.7320388511766,
      "var": 2.4866452540552595e+17
    },
    "B06": {
      "count": 80759239680,
      "mean": 2483.7812315422448,
      "std": 1622.1172720635755,
      "var": 2.1249891592086426e+17
    },
    "B07": {
      "count": 80759239680,
      "mean": 2722.728248756412,
      "std": 1621.8226170190276,
      "var": 2.124217227465368e+17
    },
    "B08": {
      "count": 80759239680,
      "mean": 2755.481305028308,
      "std": 1612.2565699990187,
      "var": 2.0992324559455693e+17
    },
    "B09": {
      "count": 80759239680,
      "mean": 3269.812554170875,
      "std": 2651.088425085525,
      "var": 5.675977283522662e+17
    },
    "B11": {
      "count": 80759239680,
      "mean": 2562.852607796968,
      "std": 1441.5471830655151,
      "var": 1.6782240678462064e+17
    },
    "B12": {
      "count": 80759239680,
      "mean": 1914.1383249044113,
      "std": 1328.8914382756407,
      "var": 1.4261697755440266e+17
    },
    "B8A": {
      "count": 80759239680,
      "mean": 2885.570263047681,
      "std": 1611.3587521042082,
      "var": 2.0968951062647952e+17
    }
  },
  "srtm": {
    "srtm": {
      "count": 6703263488,
      "mean": 677.0219719644446,
      "std": 993.1721306513513,
      "var": 6612037978190837.0
    }
  },
  "tile_path": "/weka/dfive-default/helios/dataset/presto/h5py_data",
  "total_n": 103896,
  "worldcover": {
    "B1": {
      "count": 6730657536,
      "mean": 34.04615796218091,
      "std": 24.232421963981864,
      "var": 3952311257533.2505
    }
  }
}
