{
  "sampled_n": 98856,
  "sentinel1": {
    "vh": {
      "count": 77743521792,
      "mean": -17.745656860032113,
      "std": 10.216661820563957,
      "var": 8114882701752.0
    },
    "vv": {
      "count": 77743521792,
      "mean": -11.649207444790276,
      "std": 10.840790173273986,
      "var": 9136631043719.25
    }
  },
  "sentinel2_l2a": {
    "B01": {
      "count": 77743521792,
      "mean": 1128.1811556514199,
      "std": 1975.1879289581268,
      "var": 3.033060379588641e+17
    },
    "B02": {
      "count": 77743521792,
      "mean": 1200.5340421320263,
      "std": 1877.3078488645717,
      "var": 2.7399030899429018e+17
    },
    "B03": {
      "count": 77743521792,
      "mean": 1418.3418658853016,
      "std": 1743.6182844432226,
      "var": 2.363562220448768e+17
    },
    "B04": {
      "count": 77743521792,
      "mean": 1518.6751830360251,
      "std": 1754.1164552701512,
      "var": 2.3921094992283853e+17
    },
    "B05": {
      "count": 77743521792,
      "mean": 1896.8670396579807,
      "std": 1768.080388717789,
      "var": 2.4303466571075174e+17
    },
    "B06": {
      "count": 77743521792,
      "mean": 2490.8543811807363,
      "std": 1633.706921223494,
      "var": 2.0749732784509542e+17
    },
    "B07": {
      "count": 77743521792,
      "mean": 2730.4282846758388,
      "std": 1632.531012217314,
      "var": 2.0719873063526195e+17
    },
    "B08": {
      "count": 77743521792,
      "mean": 2762.425081456429,
      "std": 1622.5912036307793,
      "var": 2.046833163059077e+17
    },
    "B09": {
      "count": 77743521792,
      "mean": 3285.259380917639,
      "std": 2675.0168922544144,
      "var": 5.563105141039821e+17
    },
    "B11": {
      "count": 77743521792,
      "mean": 2556.881340697732,
      "std": 1442.1429516716373,
      "var": 1.616891335616983e+17
    },
    "B12": {
      "count": 77743521792,
      "mean": 1908.2296404489011,
      "std": 1327.7448291608998,
      "var": 1.3705454678961357e+17
    },
    "B8A": {
      "count": 77743521792,
      "mean": 2893.1411584130274,
      "std": 1621.6694320971899,
      "var": 2.0445082686162944e+17
    }
  },
  "tile_path": "/weka/dfive-default/helios/dataset/presto",
  "total_n": 98856,
  "worldcover": {
    "B1": {
      "count": 6478626816,
      "mean": 34.159820913505826,
      "std": 24.30554912263546,
      "var": 3827311751837.625
    }
  }
}
